{
    "name": "root",
    "metadata": {
        "timer_format_version": "0.1.0",
        "start_time_seconds": "1591954125",
        "python_version": "3.7.7 (default, Mar 16 2020, 01:06:51) [MSC v.1900 64 bit (AMD64)]",
        "command_line_arguments": "C:\\Users\\admr6\\.conda\\envs\\ml-agents-train\\Scripts\\mlagents-learn trainer_config.yaml --run-id=Jump --time-scale=1 --force",
        "mlagents_version": "0.16.1",
        "mlagents_envs_version": "0.16.1",
        "communication_protocol_version": "1.0.0",
        "tensorflow_version": "2.2.0",
        "end_time_seconds": "1591954216"
    },
    "total": 90.624436,
    "count": 1,
    "self": 0.0006173999999958824,
    "children": {
        "run_training.setup": {
            "total": 0.006834899999999866,
            "count": 1,
            "self": 0.006834899999999866
        },
        "TrainerController.start_learning": {
            "total": 90.6169837,
            "count": 1,
            "self": 2.5586614000006875,
            "children": {
                "TrainerController._reset_env": {
                    "total": 5.6909902,
                    "count": 1,
                    "self": 5.6909902
                },
                "TrainerController.advance": {
                    "total": 82.1856944999993,
                    "count": 5981,
                    "self": 0.06346099999917953,
                    "children": {
                        "env_step": {
                            "total": 82.12223350000012,
                            "count": 5981,
                            "self": 78.20954829999994,
                            "children": {
                                "SubprocessEnvManager._take_step": {
                                    "total": 3.8379581000000194,
                                    "count": 5981,
                                    "self": 0.14952850000018714,
                                    "children": {
                                        "NNPolicy.evaluate": {
                                            "total": 3.688429599999832,
                                            "count": 5667,
                                            "self": 3.688429599999832
                                        }
                                    }
                                },
                                "workers": {
                                    "total": 0.07472710000015681,
                                    "count": 5980,
                                    "self": 0.0,
                                    "children": {
                                        "worker_root": {
                                            "total": 84.48062179999991,
                                            "count": 5980,
                                            "is_parallel": true,
                                            "self": 11.870868300000154,
                                            "children": {
                                                "steps_from_proto": {
                                                    "total": 0.00034500000000026176,
                                                    "count": 1,
                                                    "is_parallel": true,
                                                    "self": 0.00021790000000088128,
                                                    "children": {
                                                        "_process_vector_observation": {
                                                            "total": 0.00012709999999938049,
                                                            "count": 2,
                                                            "is_parallel": true,
                                                            "self": 0.00012709999999938049
                                                        }
                                                    }
                                                },
                                                "UnityEnvironment.step": {
                                                    "total": 72.60940849999976,
                                                    "count": 5980,
                                                    "is_parallel": true,
                                                    "self": 0.4347405000004727,
                                                    "children": {
                                                        "UnityEnvironment._generate_step_input": {
                                                            "total": 0.30322809999934996,
                                                            "count": 5980,
                                                            "is_parallel": true,
                                                            "self": 0.30322809999934996
                                                        },
                                                        "communicator.exchange": {
                                                            "total": 70.57183489999989,
                                                            "count": 5980,
                                                            "is_parallel": true,
                                                            "self": 70.57183489999989
                                                        },
                                                        "steps_from_proto": {
                                                            "total": 1.2996050000000547,
                                                            "count": 5980,
                                                            "is_parallel": true,
                                                            "self": 0.7236363000001722,
                                                            "children": {
                                                                "_process_vector_observation": {
                                                                    "total": 0.5759686999998825,
                                                                    "count": 11960,
                                                                    "is_parallel": true,
                                                                    "self": 0.5759686999998825
                                                                }
                                                            }
                                                        }
                                                    }
                                                }
                                            }
                                        }
                                    }
                                }
                            }
                        }
                    }
                },
                "trainer_threads": {
                    "total": 2.1400000008497955e-05,
                    "count": 1,
                    "self": 2.1400000008497955e-05,
                    "children": {
                        "thread_root": {
                            "total": 0.0,
                            "count": 0,
                            "is_parallel": true,
                            "self": 0.0,
                            "children": {
                                "trainer_advance": {
                                    "total": 82.8559073999988,
                                    "count": 54882,
                                    "is_parallel": true,
                                    "self": 1.6258478999999966,
                                    "children": {
                                        "process_trajectory": {
                                            "total": 80.3988224999988,
                                            "count": 54882,
                                            "is_parallel": true,