Steps,Policy/Entropy,High Score,Environment/Episode Length,Policy/Extrinsic Value Estimate,Environment/Cumulative Reward,Policy/Extrinsic Reward,Losses/Value Loss,Losses/Policy Loss,Policy/Learning Rate,Is Training
10000,0.67591155,8.0,12.300531914893616,-0.38076484,-0.8063914835770501,-0.8063914835770501,0.15790305,0.07223512,0.0002999689,1.0
20000,0.57791805,None,19.102409638554217,-0.6626738,-0.8020040136659312,-0.8020040136659312,0.053014588,0.078136094,0.00029991337,1.0
